"review_id","k","first_year","last_year","span_years","theta_final","se_final","z_final","significant","tau2_final","i2_final","drift_per_year","drift_toward_null","fragility_z","tau2_trend_per_decade","half_life","category"
"CD000028_pub4",33,1970,1999,29,-0.0774044969996741,0.0372751333624354,-2.07657196681366,TRUE,0.0159400382629843,42.9242337533504,-0.00878131344648103,FALSE,2.07657196681366,0.00715242949865679,999,"Stable"
"CD000143_pub2",47,1982,2005,23,-0.438723918814255,0.0714056190631933,-6.1441091691396,TRUE,0.0958333669230931,46.5382282037835,0.0315714602960418,TRUE,6.1441091691396,0.0929172304067509,11,"Aging"
"CD000219_pub5",27,1968,2021,53,-0.238810512595318,0.0551502721900442,-4.3301783130352,TRUE,0.0259254459645961,41.3503693845446,-0.00144568764947404,FALSE,4.3301783130352,-0.00962916613958179,999,"Stable"
"CD000478_pub5",26,1974,2023,49,-0.387056290168252,0.0580339781863499,-6.66947712812994,TRUE,0,0,-0.00309563717556923,FALSE,6.66947712812994,0,999,"Stable"
"CD001155_pub3",92,1995,2014,19,-0.315274641373234,0.07121056028435,-4.42735796649141,TRUE,0.128900193088311,47.3892959951857,0.0215425521505487,TRUE,4.42735796649141,-0.0202524707145317,10,"Aging"
"CD001321_pub7",99,2001,2020,19,-0.321411340364657,0.0444570498926072,-7.22970465069264,TRUE,0.0871430407659165,62.0287802312507,0.00912125296039207,TRUE,7.22970465069264,0.0368881187245967,30,"Stable"
"CD001396_pub4",3,1998,2007,9,-0.337382808231666,0.26301431125062,-1.2827545642951,FALSE,5.95370083721597e-06,0.00247179000198242,-0.153497736366855,FALSE,1.2827545642951,0,1,"Fragile"
"CD001431_pub6",297,1997,2022,25,0.988998559658137,0.0813219239721292,12.1615243633081,TRUE,1.80795634481593,99.6390384301362,0.0100999702965485,FALSE,12.1615243633081,-0.371751490873993,999,"Stable"
"CD001533_pub7",38,1979,2023,44,-0.20204431508093,0.0600954628209352,-3.36205606208502,TRUE,0.0641051900496096,60.2097287801666,0.00408818886633069,TRUE,3.36205606208502,-0.0238349109526367,27,"Stable"
"CD001552_pub3",7,2002,2015,13,-0.0488023162166443,0.171878872042487,-0.283934352353561,FALSE,0.162017093415804,86.3576702313015,0.00749751801968489,TRUE,0.283934352353561,-0.144485164950055,31,"Stable"
"CD001797_pub4",7,1993,2012,19,0.618669102107456,0.240325254335326,2.57429916726199,TRUE,0.155704008980818,45.0429378598537,-0.0211487486694413,TRUE,2.57429916726199,-0.0137695991863942,12,"Aging"
"CD001837_pub4",110,1990,2022,32,0.225746127029651,0.0256622011317872,8.79683414023375,TRUE,0.0244408777740281,41.4036653606956,-0.000884448048270039,TRUE,8.79683414023375,0.0107275070409059,999,"Stable"
"CD001909_pub4",47,1989,2010,21,0.507733625733963,0.0932109117475387,5.44714793809931,TRUE,0.113799428899354,39.4589118782252,-0.00976764635120708,TRUE,5.44714793809931,0.024580775705768,42,"Stable"
"CD002042_pub6",44,1956,2023,67,-0.554570875758812,0.0656182260995904,-8.45147619378076,TRUE,0.170408388891126,98.0127501525735,0.000353579830811897,TRUE,8.45147619378076,-0.0509866767638758,999,"Stable"
"CD002052_pub4",3,1994,2017,23,0.619156884228732,0.666527231465736,0.928929614574286,FALSE,0.485937833432304,29.7288685909782,-0.250308729107138,TRUE,0.928929614574286,0,8,"Aging"
"CD002112_pub2",4,1986,2007,21,0.338666165262089,0.218776921773838,1.54799767048641,FALSE,0,0,0.0144273254592598,FALSE,1.54799767048641,0,4,"Fragile"
"CD002122_pub3",29,1987,2022,35,-0.184319520573709,0.0845920006822949,-2.1789237645054,TRUE,0.135505214950048,95.2684964576228,0.00688983897262322,TRUE,2.1789237645054,-0.138349674519029,4,"Fragile"
"CD002243_pub5",74,1972,2023,51,-0.0934356537011662,0.0215274490968707,-4.34030308378471,TRUE,4.22298758200729e-06,0.0115202024957592,0.00502163007271317,TRUE,4.34030308378471,-0.0678164482235384,11,"Aging"
"CD002290_pub6",88,1970,2024,54,-0.403413902206487,0.062537479499586,-6.45075409873463,TRUE,0.215153480423864,81.2769657527304,-0.00182969536587969,FALSE,6.45075409873463,0.000830088061050492,999,"Stable"
"CD002303_pub4",8,1995,2019,24,0.193012892905151,0.182259379332237,1.05900115325923,FALSE,0.200843821337137,87.6496645408341,0.0118668272648169,FALSE,1.05900115325923,0.0299308946207687,10,"Aging"
"CD002971_pub6",10,1983,2024,41,-0.683831424438433,0.242121398804094,-2.82433286696703,TRUE,0.118730628344071,22.1013376914457,0.0143365607566969,TRUE,2.82433286696703,0.00566890224199694,21,"Stable"
"CD003129_pub2",4,1992,2005,13,0.445049891452275,0.12892744635071,3.45194063831564,TRUE,0,0,-0.013800585786187,TRUE,3.45194063831564,0,21,"Stable"
"CD003216_pub3",21,1967,2015,48,0.0365724581069804,0.0845275925279835,0.43266887194111,FALSE,0.0358734286013225,33.0912534414837,-0.00816685034612232,TRUE,0.43266887194111,0.001819509260366,22,"Stable"
"CD003331_pub6",35,1995,2021,26,-0.0756035963664822,0.134944407285178,-0.560257352545992,FALSE,0,0,-0.0172577159043113,FALSE,0.560257352545992,0,9,"Aging"
"CD003333_pub4",5,2004,2012,8,-0.00959317717886399,0.05631770993627,-0.170340327930944,FALSE,0,0,0.0120895525314128,TRUE,0.170340327930944,-0.0231526895394946,8,"Aging"
"CD003357_pub5",9,2000,2017,17,0.827885125623069,0.215380898054375,3.8438187095592,TRUE,0.194260004289464,51.627461395781,0.0297498868522946,FALSE,3.8438187095592,0.0441694833501541,999,"Stable"
"CD003376_pub4",7,1990,2005,15,0.0185431458951873,0.16196339623237,0.114489732412028,FALSE,0,0,-0.0119276383000395,TRUE,0.114489732412028,0,20,"Aging"
"CD003414_pub4",19,1994,2022,28,0.0397961336966201,0.0712428931072801,0.558597945154946,FALSE,1.44847018228108e-07,0.000148267424942363,0.0119385416142498,FALSE,0.558597945154946,-0.947181393672774,8,"Aging"
"CD003451_pub3",12,2002,2023,21,1.30223592190472,0.200214402171848,6.50420702895783,TRUE,0.414932290882591,97.2123261585798,0.0184911943812217,FALSE,6.50420702895783,0.0640440779635006,999,"Stable"
"CD003511_pub6",8,1953,2016,63,-0.149170039349532,0.126149616469813,-1.18248508020813,FALSE,0.0197410019817021,13.5212491376401,0.00125360201609208,TRUE,1.18248508020813,0,999,"Stable"
"CD003594_pub7",44,1970,2020,50,0.346217609871514,0.0813001677113121,4.25851040185913,TRUE,0.0912536956087532,41.1539325354538,0.00507219176002392,FALSE,4.25851040185913,0.0114157790741829,999,"Stable"
"CD003598_pub3",37,1984,2017,33,0.2472205793002,0.206731730033895,1.19585212806794,FALSE,0.578309496468687,72.1134959736469,0.00989104403279497,FALSE,1.19585212806794,0.238883926964897,11,"Aging"
"CD003774_pub5",134,1989,2020,31,-0.727818986257566,0.0559187448749877,-13.0156531210542,TRUE,0.134765418159078,43.1154306709024,0.00648973611059806,TRUE,13.0156531210542,0.074986729884655,999,"Stable"
"CD003962_pub3",9,1993,2016,23,0.627083936397136,0.110845368528047,5.65728586340047,TRUE,1.14025533404945e-06,0.000686909160496495,0.00275309555826585,FALSE,5.65728586340047,0.00627240682507924,999,"Stable"
"CD004307_pub7",52,1993,2024,31,0.518836193965032,0.0621250707131884,8.35147852563956,TRUE,0.0330485301251512,21.7721230951649,0.00888238221889147,FALSE,8.35147852563956,-0.00432945443237443,999,"Stable"
"CD004406_pub6",17,1973,2011,38,-0.130284406967249,0.0723206911503325,-1.80148177367978,FALSE,0.0172517396906902,20.6024315571397,-0.000302822442992545,FALSE,1.80148177367978,-0.0855691595433989,6,"Aging"
"CD004417_pub6",55,1987,2021,34,-0.88537174052649,0.298684074422333,-2.96424153928808,TRUE,4.57475311538298,96.4560348322626,-0.0410147465516856,FALSE,2.96424153928808,0.0744442430686222,999,"Stable"
"CD004508_pub5",3,2000,2009,9,-0.684648354543455,0.444883091404035,-1.53893993224766,FALSE,0,0,-0.0189856773686296,FALSE,1.53893993224766,0,4,"Fragile"
"CD004661_pub4",49,2002,2023,21,-0.045725420151829,0.0366007027060274,-1.2493044332807,FALSE,0.00496889549585864,8.17223427604517,0.00658473777612869,TRUE,1.2493044332807,0,16,"Aging"
"CD004667_pub6",60,1989,2020,31,0.0502254738886678,0.0048829609736964,10.2858642858755,TRUE,8.99755814586853e-07,0.0619358001780352,0.000172180943647432,FALSE,10.2858642858755,1.91834754402549e-05,999,"Stable"
"CD004703_pub3",10,2006,2022,16,-0.0874421444952635,0.416336974583501,-0.210027333226264,FALSE,0,0,-0.022887517327852,FALSE,0.210027333226264,0,20,"Aging"
"CD004904_pub4",4,1983,2017,34,0.00504370642386986,0.35184903549949,0.0143348593146198,FALSE,0,0,0.00487957438087595,FALSE,0.0143348593146198,0,78,"Stable"
"CD004925_pub4",31,1995,2022,27,-1.0626027659755,0.174711751041038,-6.08203374783816,TRUE,0,0,0.0381000790636789,TRUE,6.08203374783816,-0.00443214458478408,22,"Stable"
"CD004992_pub4",4,1998,2006,8,-1.87505085416558,0.360072180049065,-5.20743050437853,TRUE,0.130720543235843,24.687732748023,0.0458949559272346,TRUE,5.20743050437853,0,35,"Stable"
"CD005133_pub4",17,1994,2023,29,-0.457193879402595,0.298766293844732,-1.53027262051253,FALSE,0.783409630500914,65.0460320457309,0.0219276402361631,TRUE,1.53027262051253,0.0889116910642626,39,"Stable"
"CD005187_pub6",4,1997,2000,3,-0.116502773155624,0.25364737737945,-0.459309985221486,FALSE,0,0,-0.172387686475747,FALSE,0.459309985221486,0,2,"Fragile"
"CD005343_pub7",4,2010,2016,6,-0.0389732294650007,0.0570534783614349,-0.683099971891363,FALSE,0,0,0.0285121480779925,TRUE,0.683099971891363,0,5,"Fragile"
"CD005495_pub5",22,1990,2023,33,-0.227295990059897,0.114305355598506,-1.9884981667724,TRUE,0.137582414259134,67.8106031575027,0.00937532820911834,TRUE,1.9884981667724,0.0262181414654954,1,"Fragile"
"CD005595_pub4",9,2000,2021,21,1.03811958877713,0.504449699134684,2.05792488439954,TRUE,1.84328801828691,89.1599596166711,0.0315777918792014,FALSE,2.05792488439954,-4.04806513331266,999,"Stable"
"CD005951_pub5",14,2005,2023,18,-0.0100405985152815,0.0541065395504426,-0.185570886600885,FALSE,0.0135497225125338,45.9664059947195,0.0117436867417651,TRUE,0.185570886600885,0.00261828425568236,9,"Aging"
"CD006023_pub4",84,1992,2024,32,-0.349869241249668,0.133227809554908,-2.62609767749334,TRUE,0.704530096393464,85.4057413496607,-0.00574223473016979,FALSE,2.62609767749334,-1.86570184353789,999,"Stable"
"CD006027_pub3",10,1984,2022,38,0.0683552867476843,0.151709277417289,0.450567611364117,FALSE,0.143725356093549,79.9568657517046,0.0184784020115052,FALSE,0.450567611364117,-0.00986684628802049,11,"Aging"
"CD006124_pub3",8,2001,2014,13,-0.252280286835606,0.193571827153487,-1.30329031112346,FALSE,0,0,0.0125309962053544,TRUE,1.30329031112346,0,36,"Stable"
"CD006182_pub3",20,2006,2021,15,0.370160381385991,0.171553388029015,2.15769787842013,TRUE,0.404619491645349,90.0978187349864,0.00601110220889901,FALSE,2.15769787842013,-0.222677894620572,999,"Stable"
"CD006185_pub6",223,2002,2024,22,0.5012273997704,0.0556131423779751,9.01275091351258,TRUE,0.187180554909714,30.6689103577451,-0.0159622716457099,TRUE,9.01275091351258,0.0456731093797287,27,"Stable"
"CD006257_pub2",62,1989,2019,30,-0.102388864099899,0.106504520334342,-0.961356980703513,FALSE,0.279253854214334,75.4078783636947,0.000839490482335218,TRUE,0.961356980703513,-0.206850756274753,999,"Stable"
"CD006404_pub5",17,2010,2023,13,-0.593256660491033,0.261031934222975,-2.27273594802492,TRUE,0.225536857185859,21.3673026735298,-0.0436845740408718,FALSE,2.27273594802492,-0.0254534680230739,999,"Stable"
"CD006475_pub3",13,2001,2018,17,-0.0610240533384242,0.078337800493029,-0.778986044468462,FALSE,0.00711293874114717,8.79582723897445,0.00432201930904813,TRUE,0.778986044468462,-0.120663600153552,35,"Stable"
"CD006536_pub5",251,2005,2021,16,-0.239803315713457,0.0739890189501508,-3.2410662976221,TRUE,0,0,-0.0027886382699171,FALSE,3.2410662976221,-0.00200417396608382,999,"Stable"
"CD006632_pub3",8,1997,2014,17,-0.175669960494907,0.170681279174709,-1.02922805209991,FALSE,0.143052810831945,68.6823779931722,-0.0052424708889601,FALSE,1.02922805209991,0.0835894879499245,14,"Aging"
"CD006689_pub3",17,2006,2024,18,-0.677654669161012,0.120015224652393,-5.64640587161954,TRUE,0.0288735329793546,12.1429844431009,0.0246123031671123,TRUE,5.64640587161954,0.00346175109628958,22,"Stable"
"CD006714_pub3",3,2004,2015,11,-0.000596357491851424,0.0110832205479414,-0.0538072385433305,FALSE,0,0,0.000191469473258433,TRUE,0.0538072385433305,0,51,"Stable"
"CD006742_pub3",4,1978,2004,26,-0.1568078436901,0.159516646356573,-0.983018683451895,FALSE,0.00544254968256522,3.15486735958972,-0.00927249053789308,FALSE,0.983018683451895,0,12,"Aging"
"CD006839_pub5",7,2005,2020,15,-0.0364131302361173,0.0479509233315911,-0.759383296632528,FALSE,0,0,0.00156457352470481,TRUE,0.759383296632528,0,52,"Stable"
"CD006913_pub3",16,2007,2022,15,0.0843630384185199,0.188887481806988,0.446631177521469,FALSE,0.402088381590832,84.2521359890758,-0.0324971518822575,TRUE,0.446631177521469,-0.603144517834472,12,"Aging"
"CD006919_pub5",13,1988,2014,26,0.104354305161748,0.137749974202528,0.757563155752904,FALSE,0.0253322874238302,10.3340483185924,-0.0224760103108857,TRUE,0.757563155752904,-0.093843822917228,15,"Aging"
"CD006942_pub4",18,1991,2019,28,-0.0928140762152878,0.130988779310495,-0.708565090108079,FALSE,0.109507734507573,41.3204271618603,-0.000912710921097016,FALSE,0.708565090108079,0.0467198187605637,59,"Stable"
"CD007024_pub3",4,1998,2016,18,-0.204030115983055,0.268671859732649,-0.759402626631915,FALSE,0,0,0.00591769877248474,TRUE,0.759402626631915,0,74,"Stable"
"CD007026_pub7",14,2004,2014,10,-0.055487132191318,0.139510316455271,-0.397727806811392,FALSE,0,0,-0.0109976788696035,FALSE,0.397727806811392,0,12,"Aging"
"CD007079_pub4",18,1987,2009,22,-0.0240971319926632,0.0182568552019824,-1.31989500524967,FALSE,7.09531966071714e-07,0.00760972925927821,0.0128774253320862,TRUE,1.31989500524967,-0.223212821835933,5,"Fragile"
"CD007110_pub4",8,2004,2014,10,-0.68713188780841,0.26812996233715,-2.5626822225276,TRUE,0.246992949231711,53.136012302025,0.00318570747614443,TRUE,2.5626822225276,0.22351567192851,999,"Stable"
"CD007130_pub5",7,1998,2012,14,0.167340694755262,0.313576806087879,0.533651378247552,FALSE,0,0,-0.00916589499616203,TRUE,0.533651378247552,0,50,"Stable"
"CD007156_pub3",12,2014,2020,6,1.44296593237854,0.245753913525642,5.87158882508693,TRUE,0.642239063209226,98.5399053536269,0.077550936007627,FALSE,5.87158882508693,0.0197062578875012,999,"Stable"
"CD007310_pub3",3,2012,2017,5,0.908471107689676,0.262303098511683,3.46344024468019,TRUE,0.0640968274091203,29.0550400436318,0.121027925784956,FALSE,3.46344024468019,0,999,"Stable"
"CD007374_pub3",6,2010,2019,9,-0.177813562935448,0.38103562091127,-0.46665863551076,FALSE,0,0,-0.00360774738937529,FALSE,0.46665863551076,0,40,"Stable"
"CD007388_pub3",6,2011,2018,7,0.391800454239705,0.365446844668142,1.07211338654598,FALSE,0,0,0.0479162129911839,FALSE,1.07211338654598,0,4,"Fragile"
"CD007491_pub3",3,1999,2005,6,-0.113960407480402,0.246549582675865,-0.462221052023536,FALSE,2.11967204280439e-06,0.000540528601344398,0.0233799530278255,TRUE,0.462221052023536,0,16,"Aging"
"CD007569_pub4",18,1983,2021,38,0.145873256186247,0.0529910010927747,2.75279298707449,TRUE,0.0119082105185447,28.9320369872116,-0.00644057576273317,TRUE,2.75279298707449,-0.0143692375107909,8,"Aging"
"CD007572_pub4",11,2008,2023,15,-0.111316925393523,0.0303024333290418,-3.67353090706538,TRUE,0.00338014568253029,39.6042405066634,-0.00218895839260093,FALSE,3.67353090706538,0.00319239246192103,999,"Stable"
"CD007639_pub3",14,1994,2019,25,2.37506675232868,0.185403798731353,12.8102378083964,TRUE,0.368631193851653,96.4636475547401,0.0108695550459085,FALSE,12.8102378083964,-0.371795417428228,999,"Stable"
"CD007784_pub3",15,1992,2011,19,-0.321264276806242,0.0381345943351091,-8.42448392090187,TRUE,0.00457915023336834,28.1116950719515,-0.00651913307307752,FALSE,8.42448392090187,0.00347078723452658,999,"Stable"
"CD007859_pub5",4,2004,2021,17,1.83376145668654,0.238929148737429,7.67491729818931,TRUE,0.0774518080010391,34.1701399530503,0.00500916522770656,FALSE,7.67491729818931,0,999,"Stable"
"CD007872_pub4",3,2018,2024,6,-0.0829997839332558,0.0739919705844008,-1.12174041693592,FALSE,0.00582572447307691,31.2343850335791,0.0194974608463565,TRUE,1.12174041693592,0,9,"Aging"
"CD007896_pub4",129,1985,2021,36,1.79936413345087,0.0736393217741619,24.4348276179021,TRUE,0.5038780902692,81.3237287801923,-0.0467677028063496,TRUE,24.4348276179021,0.251800853175011,37,"Stable"
"CD008063_pub3",16,2000,2022,22,-0.632804319953366,0.151389985433031,-4.17996156181212,TRUE,0.120334214384669,36.0783307147239,-0.0358369139540215,FALSE,4.17996156181212,0.0270038502515633,999,"Stable"
"CD008145_pub4",28,1996,2021,25,0.24047751521853,0.0498196249201852,4.82696358320226,TRUE,0.0602317704656278,98.455108049496,-0.00665102172204216,TRUE,4.82696358320226,-0.0259341884395273,26,"Stable"
"CD008176_pub3",25,1995,2020,25,-0.0341348929630407,0.0741843802468259,-0.460135851367461,FALSE,3.31161643312274e-06,0.00222304095116484,-0.00625902356152671,FALSE,0.460135851367461,0.023204367197058,14,"Aging"
"CD008309_pub3",9,2013,2022,9,0.241703272797612,0.192599898076745,1.25495015942999,FALSE,9.08940266916624e-07,0.000234608148566841,0.0144163776512907,FALSE,1.25495015942999,0,5,"Fragile"
"CD008349_pub5",24,2010,2023,13,0.323394435089819,0.0870875279550609,3.71344143855705,TRUE,0.0203247919091729,12.2093983381099,0.0317673382146128,FALSE,3.71344143855705,0,999,"Stable"
"CD008469_pub3",15,1986,2014,28,0.0877659883296422,0.335204461110466,0.26182822280733,FALSE,0,0,-0.0579024330839053,TRUE,0.26182822280733,-0.158319586125247,12,"Aging"
"CD008493_pub5",14,2016,2023,7,0.250722177705078,0.168851727695416,1.48486593016889,FALSE,0,0,-0.121459278976161,TRUE,1.48486593016889,0,5,"Fragile"
"CD008552_pub8",15,2012,2023,11,-0.120264638695131,0.201933801104142,-0.595564675341836,FALSE,0.401598693490911,79.5862665078281,0.0400244582625564,TRUE,0.595564675341836,0.292984281017107,11,"Aging"
"CD008564_pub3",56,1994,2015,21,-0.0975091903288577,0.0416737587153963,-2.33982230868062,TRUE,0.0181465571915564,20.0229120592927,-0.0112714079911347,FALSE,2.33982230868062,0.00457623364893466,999,"Stable"
"CD008688_pub3",3,1999,2021,22,-0.0404143018338634,0.0894933232757125,-0.451590133817629,FALSE,6.40097722882369e-07,0.00198153622078494,0.00665192388238892,TRUE,0.451590133817629,0,25,"Stable"
"CD008709_pub4",26,2010,2020,10,-0.0136469255520447,0.0116600048293135,-1.17040479415035,FALSE,0.000115834842747853,3.26284281503673,0.00774309588638808,TRUE,1.17040479415035,-0.00110595919676971,5,"Fragile"
"CD008858_pub5",7,2005,2016,11,-1.33173474259414,0.341281910227099,-3.9021545024404,TRUE,0.730909191323414,97.6363088482005,-0.0387526441371083,FALSE,3.9021545024404,0.159787187382211,999,"Stable"
"CD008873_pub5",3,2013,2018,5,-0.602459018217771,0.375882970761912,-1.60278348603181,FALSE,0,0,-0.0335565651713751,FALSE,1.60278348603181,0,2,"Fragile"
"CD008879_pub3",19,1982,2023,41,-0.262945394616002,0.0745651066732,-3.52638662167313,TRUE,0,0,-0.00222565012828335,FALSE,3.52638662167313,0,999,"Stable"
"CD008940_pub4",26,2009,2024,15,0.0338744593666541,0.0558706122762544,0.606301917708732,FALSE,0.00309723268607589,3.50947268230874,0.00197018377543319,FALSE,0.606301917708732,-0.119314234088432,20,"Aging"
"CD008973_pub3",10,1996,2018,22,1.05049257742166,0.242753838162998,4.32739842702836,TRUE,0.361778434370635,78.8455460155585,-0.0146378242584586,TRUE,4.32739842702836,-0.684189118098581,55,"Stable"
"CD009235_pub4",4,2015,2018,3,0.0691432092047211,0.462962710753277,0.149349413243714,FALSE,0.825848278602505,96.4655891366496,0.121795692115237,FALSE,0.149349413243714,0,5,"Fragile"
"CD009244_pub3",9,2010,2025,15,0.0381567719884165,0.26138720797373,0.145977962289001,FALSE,0.407400911182926,73.0815856144426,-0.0161014040987394,TRUE,0.145977962289001,0.19394106808131,23,"Stable"
"CD009298_pub3",6,2011,2022,11,-0.0705588529642722,0.0592535461939152,-1.19079544595287,FALSE,2.03779992751913e-06,0.00853786404062102,0.0205348163105949,TRUE,1.19079544595287,-0.283969657708986,8,"Aging"
"CD009362_pub4",54,1974,2022,48,-0.381207761824455,0.105471100620663,-3.61433378035472,TRUE,0.362941354130922,74.8069591799131,-0.00371844879122991,FALSE,3.61433378035472,0.0841976279915012,999,"Stable"
"CD009417_pub3",3,1997,2004,7,-0.136207688813202,0.924310110543341,-0.147361461547937,FALSE,0.0603613470083861,2.35306048536381,-0.0757427914961274,FALSE,0.147361461547937,0,13,"Aging"
"CD009531_pub3",8,2006,2017,11,0.209111402784927,0.207322021802211,1.00863092577991,FALSE,0.303092599386973,91.5609661485569,0.0521902877297788,FALSE,1.00863092577991,-0.0334887489130611,3,"Fragile"
"CD009679_pub3",4,2006,2019,13,0.586692961979422,0.120210466040101,4.88054810288902,TRUE,1.16517109378465e-06,0.00137947562364026,-0.0621255798942991,TRUE,4.88054810288902,0,7,"Aging"
"CD009749_pub3",7,2010,2021,11,0.192839723952351,0.227157305436705,0.84892591757778,FALSE,0.0806054127459872,22.9213294175868,-0.0336037752216025,TRUE,0.84892591757778,0.0826237565049952,15,"Aging"
"CD009752_pub3",5,2010,2016,6,0.139943320193965,0.20769010283266,0.673808324447316,FALSE,0.0185664679470947,4.28735978481648,0.059060172903382,FALSE,0.673808324447316,0.0871683165944198,4,"Fragile"
"CD009788_pub3",4,2011,2021,10,0.156193399188858,0.319036511062213,0.489578445641916,FALSE,0.168022777967358,40.2128936853631,-0.00380898918316561,TRUE,0.489578445641916,0,93,"Stable"
"CD009945_pub3",3,1994,2021,27,0.779448076477025,0.350916650828261,2.22117723578323,TRUE,0,0,-0.0343453430439148,TRUE,2.22117723578323,0,5,"Fragile"
"CD010001_pub4",36,1993,2023,30,0.2775699416907,0.0542334639304592,5.11805666786495,TRUE,4.55544823314341e-06,0.0041836215444621,0.0125112968432732,FALSE,5.11805666786495,0.00642275032686733,999,"Stable"
"CD010145_pub2",4,1992,2023,31,0.746864770054143,0.417037500576063,1.79088156106461,FALSE,0.259843230953469,38.1930640971943,-0.127092127955841,TRUE,1.79088156106461,0,12,"Aging"
"CD010189_pub3",6,2001,2012,11,0.103293255931545,0.120525493111258,0.857024130456739,FALSE,0.0329399557400662,41.4320985359845,-0.024882732883939,TRUE,0.857024130456739,0.0259371576099855,11,"Aging"
"CD010216_pub9",42,2013,7608,5595,0.359395480825419,0.0743644050464669,4.83289660692975,TRUE,0.0956694113257193,59.1325634348496,-2.08855106140134e-07,TRUE,4.83289660692975,4.88732233759242e-05,999,"Stable"
"CD010290_pub4",9,1990,2018,28,0.203693102180018,0.0767408334732872,2.65429879975075,TRUE,1.53091793321758e-06,0.00104431152421861,0.00393129679302262,FALSE,2.65429879975075,4.29972506268421e-05,999,"Stable"
"CD010441_pub3",6,1965,2020,55,-0.267962866627419,0.114267823211457,-2.34504219207487,TRUE,0.0624365683170853,84.3384361192977,0.00105941500374516,TRUE,2.34504219207487,-0.00398098647957865,999,"Stable"
"CD010533_pub3",17,2007,2018,11,-0.292806930382811,0.12714522353895,-2.30293299451483,TRUE,0.0445283514776875,17.066110114179,0.00881050063142622,TRUE,2.30293299451483,-0.0962024165987697,15,"Aging"
"CD010583_pub6",6,2014,2019,5,-0.219947834592569,0.394902378745744,-0.556967611314849,FALSE,0,0,0.0645304597349754,TRUE,0.556967611314849,-2.41993280953714,11,"Aging"
"CD010856_pub3",6,1956,2015,59,0.764955754423944,0.0807607740157497,9.47187249932454,TRUE,0.00784681663611612,20.1180615650696,-0.000985493640074233,TRUE,9.47187249932454,0.00571986315264062,999,"Stable"
"CD011120_pub3",19,2000,2022,22,0.236974249198193,0.0908091756167251,2.60958485294901,TRUE,3.4945099971139e-06,0.00213928875846951,0.0215442381230518,FALSE,2.60958485294901,-0.258239795229618,999,"Stable"
"CD011204_pub3",60,1999,2014,15,0.907518287559753,0.0780971358965406,11.6203786110926,TRUE,0.230524179514013,74.6442797379892,-0.00591267121751797,TRUE,11.6203786110926,0.00296337315755191,999,"Stable"
"CD011218_pub2",10,1992,2019,27,-0.213853804696741,0.319421885425295,-0.669502668585169,FALSE,0.856617243632208,87.277168476249,-0.0259052823615249,FALSE,0.669502668585169,0.284323315282465,12,"Aging"
"CD011381_pub3",70,1987,2021,34,0.0359278450815233,0.0852255860534588,0.421561725125446,FALSE,0.36070541490508,94.1843379885353,0.00600635632651949,FALSE,0.421561725125446,-0.139364288704284,17,"Aging"
"CD011575_pub3",4,2008,2021,13,0.122099754938442,0.182722676657176,0.668224421687545,FALSE,0.0931965336945459,71.0886462480404,0.00982494705152502,FALSE,0.668224421687545,0,14,"Aging"
"CD011600_pub3",9,2018,2020,2,-0.294311462760018,0.0185778264276399,-15.842082705765,TRUE,0,0,0.0345001314003431,TRUE,15.842082705765,-0.185531284376042,999,"Stable"
"CD011627_pub3",18,1987,2020,33,-0.296014665770477,0.212400236099776,-1.39366448553015,FALSE,0.471770299681098,64.4238487580464,0.0203739949394649,TRUE,1.39366448553015,0.320482058729914,30,"Stable"
"CD011670_pub3",4,2004,2018,14,-0.0172349091520199,0.747154544806995,-0.0230673951885979,FALSE,1.4004259195559,74.4901055705339,-0.232454376728758,FALSE,0.0230673951885979,0,6,"Aging"
"CD011689_pub4",15,2001,2018,17,0.148631651069257,0.310330008138785,0.478947079467695,FALSE,0,0,0.00164577692845355,FALSE,0.478947079467695,0,72,"Stable"
"CD011762_pub2",194,2005,2023,18,-0.18607841238414,0.0554265100061257,-3.35720961618501,TRUE,0.0194034357359271,3.59058190869537,0.00649068023961222,TRUE,3.35720961618501,0,17,"Aging"
"CD011778_pub2",18,2013,2022,9,-0.29972704817009,0.194338614005015,-1.54229281558196,FALSE,0.598185818638085,97.3740667404827,0.033806536222341,TRUE,1.54229281558196,-1.63752068722085,16,"Aging"
"CD011793_pub3",10,1999,2021,22,-0.125072983627056,0.418896337629418,-0.298577410189017,FALSE,0,0,-0.00608014760513274,FALSE,0.298577410189017,0,53,"Stable"
"CD011806_pub2",3,2014,2019,5,0.433145529754439,0.811233312619098,0.533934594421439,FALSE,1.38525293371355,79.960619814183,0.457399282097798,FALSE,0.533934594421439,0,2,"Fragile"
"CD011841_pub3",8,1983,2020,37,-1.44783919540853,0.361362122731553,-4.00661581370026,TRUE,0.603796540752066,77.7596406277978,-0.0972094795253735,FALSE,4.00661581370026,-2.35570340004613,999,"Stable"
"CD011851_pub3",4,2015,2021,6,-0.18867061641434,0.284991511319429,-0.662021881075857,FALSE,0,0,-0.00982289597006379,FALSE,0.662021881075857,0,13,"Aging"
"CD011858_pub2",18,1989,2022,33,0.161350918659496,0.442704789267181,0.36446616926504,FALSE,2.69507104801327,98.6552994532091,0.026499593400387,FALSE,0.36446616926504,2.98172468858805,20,"Aging"
"CD011866_pub3",45,1991,2021,30,-0.174602397610305,0.0497776631612319,-3.50764552857294,TRUE,0.0408157283235804,47.3842195790531,0.0015265814305698,TRUE,3.50764552857294,-0.0155801836205366,82,"Stable"
"CD011885_pub2",12,1993,2022,29,0.320794994298245,0.13711550692398,2.3395967494479,TRUE,0.0442933922493048,23.585684299352,0.0170656818453769,FALSE,2.3395967494479,-0.126837655030925,999,"Stable"
"CD012079_pub2",24,2005,2020,15,-0.110044229459198,0.0942512493349046,-1.16756255472196,FALSE,0.052479877617733,37.345272758055,0.00367925190619447,TRUE,1.16756255472196,-0.12554749331836,54,"Stable"
"CD012170_pub2",9,2013,2024,11,-0.111813269229126,0.300273098289236,-0.372371916985459,FALSE,0.651521252012751,88.3832165766365,-0.060797884671612,FALSE,0.372371916985459,-0.852366629895392,6,"Aging"
"CD012178_pub2",4,2011,2013,2,-0.110696396162713,0.163307620167269,-0.677839748379973,FALSE,0,0,0.0470833173604008,TRUE,0.677839748379973,0,6,"Aging"
"CD012186_pub2",89,1988,2022,34,0.00557976488151943,0.029239566635579,0.190829260606411,FALSE,0.00957471627886067,14.6117402507932,-0.00237052055999161,TRUE,0.190829260606411,-0.0181349526096633,22,"Stable"
"CD012214_pub3",7,2014,2021,7,1.25410378303245,0.301413056246452,4.16074804008165,TRUE,0,0,-0.105981382238517,TRUE,4.16074804008165,0,9,"Aging"
"CD012426_pub2",5,2007,2014,7,-0.0660391460179755,0.0312959352665906,-2.11015090156051,TRUE,1.27862452313625e-06,0.0241637451765186,0.00509080258373007,TRUE,2.11015090156051,-0.00958108667854342,3,"Fragile"
"CD012429_pub2",8,2002,2013,11,-0.0297398889756899,0.184956787846974,-0.160793714693485,FALSE,0,0,-0.0029834235122243,FALSE,0.160793714693485,-0.0618047474210819,45,"Stable"
"CD012503_pub3",80,2012,2025,13,0.041463059257342,0.0231543133024804,1.79072722717717,FALSE,0.00341148451714191,14.6756468794743,0.00808368767552934,FALSE,1.79072722717717,-0.755283930917598,1,"Fragile"
"CD012532_pub2",7,2019,2022,3,0.118441120547655,0.0596427597310649,1.98584239028707,TRUE,0.00356776328193129,14.1658917347945,0.106762858546976,FALSE,1.98584239028707,-0.997145754220866,999,"Stable"
"CD012570_pub2",3,2003,2010,7,-1.0732617527095,0.892379465221685,-1.20269660445725,FALSE,0,0,0.0102293543533661,TRUE,1.20269660445725,0,26,"Stable"
"CD012572_pub3",4,1977,2015,38,0.730451833349539,0.493448633778133,1.48029963677632,FALSE,5.50212757184889e-06,0.000442642033470499,-0.0064382889542475,TRUE,1.48029963677632,0,999,"Stable"
"CD012623_pub2",25,2008,2020,12,0.0559717422913086,0.0155185554980484,3.60676238831299,TRUE,0.000849938786641542,15.0516814089065,-0.00515109289102174,TRUE,3.60676238831299,2.29528092427518e-05,7,"Aging"
"CD012635_pub2",7,2013,2023,10,-0.128369580961302,0.0947780234843802,-1.35442348597254,FALSE,8.95302677367187e-06,0.0113342499121741,0.0130299460899104,TRUE,1.35442348597254,0,19,"Aging"
"CD012693_pub3",19,2002,2022,20,0.061538555960123,0.0618427044238671,0.995081902278085,FALSE,0.00929127609899656,13.5211100478383,0.00463170357949527,FALSE,0.995081902278085,-0.0754744509076571,9,"Aging"
"CD012712_pub2",44,2014,2023,9,0.18395733581484,0.0992118174365155,1.85418774263007,FALSE,0,0,0.0175696250645374,FALSE,1.85418774263007,0,1,"Fragile"
"CD012718_pub2",9,2012,2022,10,-0.253487520508648,0.446550173456234,-0.567657422561704,FALSE,1.35504094136785,84.35310923589,-0.00961629334399502,FALSE,0.567657422561704,0.328546537785774,24,"Stable"
"CD012757_pub2",3,2012,2017,5,-0.148283572915485,0.0451145879853215,-3.28682094943947,TRUE,0,0,-0.00307879124408498,FALSE,3.28682094943947,0,999,"Stable"
"CD012850_pub2",4,1995,2010,15,-0.0311189726719105,0.589526181512424,-0.0527864133058095,FALSE,0.792560390272365,63.4488330667109,0.104438664589709,TRUE,0.0527864133058095,0,10,"Aging"
"CD012905_pub2",24,2001,2011,10,-0.211578076313736,0.0855955115251134,-2.47183611084162,TRUE,0.0512248604688091,35.1320057491039,-0.0113371470518845,FALSE,2.47183611084162,0.0400279627686335,999,"Stable"
"CD012925_pub2",13,2019,2022,3,-0.993388178452141,0.357473469785469,-2.77891441579792,TRUE,1.56391878260778,98.5385912035288,0.297920199829912,TRUE,2.77891441579792,5.69709584771932,2,"Fragile"
"CD012942_pub2",229,1998,2017,19,0.271786952356812,0.0317986730019234,8.547116174954,TRUE,0.134350089495402,84.4280408888979,0.000694396015412581,FALSE,8.547116174954,0.00695375555187418,999,"Stable"
"CD012993_pub2",4,2011,2021,10,3.23838378149822,0.385934961693521,8.39100911533869,TRUE,4.18156628439462e-08,5.17945373467399e-06,-0.0253815191450338,TRUE,8.39100911533869,0,999,"Stable"
"CD012997_pub3",4,1992,2010,18,-0.226021821243002,0.367430309262933,-0.615142016172816,FALSE,0,0,-0.00282069562744078,FALSE,0.615142016172816,0,51,"Stable"
"CD013023_pub2",14,2014,2021,7,-0.113176366945802,0.158493454743326,-0.714075966916658,FALSE,0.0744336398186735,23.9469805111155,0.025740282655972,TRUE,0.714075966916658,-0.250584720822902,12,"Aging"
"CD013053_pub3",6,1990,2003,13,0.490729180050502,0.0815624944575097,6.01660338265095,TRUE,0.0025455707271384,5.95939578955706,-0.0209799197653273,TRUE,6.01660338265095,0.00797239184461051,19,"Aging"
"CD013055_pub3",6,2006,2012,6,0.751650105102558,0.109689145231537,6.85254774769133,TRUE,0,0,0.0103631334879297,FALSE,6.85254774769133,0,999,"Stable"
"CD013105_pub2",14,2014,2023,9,-0.111218548962503,0.118010766068366,-0.942444089364451,FALSE,0,0,0.0114796527303573,TRUE,0.942444089364451,-0.163541925119878,21,"Stable"
"CD013111_pub2",4,2014,2021,7,0.527202174056724,0.249201272715237,2.11556774294311,TRUE,0,0,-0.0347725212147499,TRUE,2.11556774294311,0,4,"Fragile"
"CD013166_pub3",24,2012,2022,10,1.60161191075571,0.0865435248845549,18.5064326059308,TRUE,0.100530954171313,65.2582330522958,-0.0603074491368829,TRUE,18.5064326059308,-0.00969211823810231,26,"Stable"
"CD013232_pub2",6,1992,2021,29,-0.125973772746058,0.296621595563289,-0.424695216499096,FALSE,0,0,-0.00934470425756471,FALSE,0.424695216499096,-0.18499516476306,31,"Stable"
"CD013255_pub2",49,1990,2022,32,0.388141670245313,0.0801970702789022,4.83984849939616,TRUE,0.21769074711921,94.2643864638782,-0.00823627370817928,TRUE,4.83984849939616,-0.223124201957513,34,"Stable"
"CD013278_pub3",17,1981,2024,43,0.12511227682069,0.107386702139892,1.16506303227104,FALSE,0,0,0.0203340147236239,FALSE,1.16506303227104,0,4,"Fragile"
"CD013284_pub2",5,2012,2022,10,-0.0250268109326094,0.0653642238389811,-0.382882400535509,FALSE,0,0,0.00425099004099398,TRUE,0.382882400535509,0,23,"Stable"
"CD013294_pub2",10,2009,2021,12,2.67127916436001,0.153346314213423,17.4199111211907,TRUE,0.112780872544544,61.346789619129,-0.00543955335857433,TRUE,17.4199111211907,0.116980330457878,999,"Stable"
"CD013303_pub2",6,2005,2020,15,0.790363852043818,0.583550018757031,1.35440635187932,FALSE,1.85681601819615,95.7693379097523,-0.15031256293047,TRUE,1.35440635187932,1.22751940699154,12,"Aging"
"CD013332_pub2",33,1996,2018,22,-0.506077166579397,0.106033126436792,-4.77282132090178,TRUE,0.0692119512369594,23.3370308488027,-0.00316468905533033,FALSE,4.77282132090178,-0.485045288866008,999,"Stable"
"CD013344_pub2",14,2005,2019,14,-0.494411579544177,0.304054574799872,-1.62606196558495,FALSE,0.420587351198908,51.0443303826858,-0.00585681954659681,FALSE,1.62606196558495,-0.363786479206128,5,"Fragile"
"CD013366_pub2",13,1997,2020,23,-0.572960917463051,0.259591155262604,-2.20716656113896,TRUE,0,0,0.0283303246940568,TRUE,2.20716656113896,0,4,"Fragile"
"CD013377_pub2",9,2004,2023,19,-0.0687851730983515,0.131102731804056,-0.524666207574962,FALSE,0.117868639472244,83.1641155300088,-0.0173400320477519,FALSE,0.524666207574962,-0.117517901594838,9,"Aging"
"CD013396_pub2",14,2015,2018,3,-0.244490796013456,0.075160580599737,-3.25291255153386,TRUE,2.17565535683681e-06,0.00255770378881285,0.295480042820714,TRUE,3.25291255153386,-0.0706929601957505,1,"Fragile"
"CD013408_pub2",5,2012,2020,8,-0.444132706195647,0.170654182842517,-2.60253044371904,TRUE,0.0520544799216073,36.637705333369,0.0244277471046986,TRUE,2.60253044371904,0.0972140694516597,9,"Aging"
"CD013414_pub2",6,2002,2018,16,-0.0159067951854415,0.117915486957353,-0.134899966034102,FALSE,0,0,0.00171682877306238,TRUE,0.134899966034102,0,69,"Stable"
"CD013421_pub2",24,1999,2019,20,-0.650666985953681,0.110074638280531,-5.91114353058716,TRUE,0.0987305588414236,47.127959857898,-0.00891824371333528,FALSE,5.91114353058716,-0.0094909743091293,999,"Stable"
"CD013425_pub2",11,1996,2011,15,-0.194895267611374,0.0656695393634509,-2.96781840561905,TRUE,0.028919639451408,67.2104954167063,-0.00837714767010214,FALSE,2.96781840561905,-0.00122782472941242,999,"Stable"
"CD013429_pub2",16,2016,2019,3,1.22004030097694,0.0494417264059587,24.6763288757227,TRUE,0.0137580965743284,39.8953182331668,-0.22493373129692,TRUE,24.6763288757227,0.109419095279585,999,"Stable"
"CD013445_pub2",39,2010,2022,12,0.106704265675134,0.0183585128264878,5.81224997273091,TRUE,0.00463172534094878,47.6489679990776,-0.00521714971535264,TRUE,5.81224997273091,-0.0630780513699799,16,"Aging"
"CD013462_pub3",50,2009,2023,14,0.326834787736275,0.12059969864673,2.71007963870344,TRUE,0.325245181484528,56.3805488475279,-0.0206102719345978,TRUE,2.71007963870344,-0.28641841963,7,"Aging"
"CD013474_pub2",7,2009,2019,10,-0.143609739075977,0.100277700862238,-1.4321203801159,FALSE,0,0,0.0890929283695104,TRUE,1.4321203801159,-0.0298688784420292,4,"Fragile"
"CD013539_pub2",9,2017,2022,5,-0.0230801708723184,0.0377247740366243,-0.611804085291842,FALSE,2.07550190472105e-06,0.0156870386088034,-0.010937222199746,FALSE,0.611804085291842,-0.0142222037764388,4,"Fragile"
"CD013541_pub2",32,1992,2021,29,-0.0250009890012289,0.11140696847294,-0.224411357241998,FALSE,0.151121476420967,47.9710348109611,-0.00222644261888217,FALSE,0.224411357241998,-0.764068754257612,49,"Stable"
"CD013571_pub2",7,1981,2006,25,0.221327374512133,0.0775199204910678,2.85510321876085,TRUE,0.017489499841567,51.992640676452,-0.00999560695969429,TRUE,2.85510321876085,0.00735603311000165,10,"Aging"
"CD013590_pub2",16,1983,2019,36,-0.152526216019341,0.0814539485436235,-1.8725453921691,FALSE,0.0133361319098816,15.0061666445949,0.00194097041948406,TRUE,1.8725453921691,-0.0169743460117611,999,"Stable"
"CD013614_pub2",32,2000,2023,23,1.1120458456699,0.173413091360074,6.41269835482518,TRUE,0.771484214904362,95.0196336221618,-0.0807183729216099,TRUE,6.41269835482518,0.207666251745777,11,"Aging"
"CD013631_pub2",3,2017,2021,4,1.43380318431516,0.684286966770583,2.09532440911719,TRUE,1.15699073030128,85.3735434112362,-0.39672689747627,TRUE,2.09532440911719,0,1,"Fragile"
"CD013672_pub2",13,1998,2024,26,0.199522398642107,0.0815621787379463,2.44626126630529,TRUE,0.043023011963835,68.0569241168174,0.00149895729685006,FALSE,2.44626126630529,-0.0226707162363541,999,"Stable"
"CD013707_pub2",6,2003,2020,17,0.357149738588375,0.224466515609271,1.59110474726692,FALSE,2.88932280191267e-06,0.000500423277174672,-0.0407546417326799,TRUE,1.59110474726692,-0.172395566110201,17,"Aging"
"CD013715_pub2",6,2000,2022,22,0.749966116256069,0.162411277290428,4.61769729767571,TRUE,0.000489563165231184,0.275288486581288,0.00964778568478012,FALSE,4.61769729767571,0,999,"Stable"
"CD013719_pub2",18,1986,2022,36,0.593112191957515,0.279271191985598,2.12378580024861,TRUE,0.846869001999132,85.0450522610477,0.00404191062548678,FALSE,2.12378580024861,0.0350934083131673,999,"Stable"
"CD013731_pub2",5,2002,2018,16,-0.129623417200059,0.40194628156512,-0.322489405040206,FALSE,0.568955862525325,71.8035165619938,0.0183982539179172,TRUE,0.322489405040206,0.170986927078217,32,"Stable"
"CD013748_pub2",14,1993,2014,21,-0.250491462245771,0.0883789151785114,-2.83428985001477,TRUE,0,0,-0.00519009339660524,FALSE,2.83428985001477,-0.00215938172145025,999,"Stable"
"CD013757_pub3",6,1998,2023,25,-0.699651629812462,0.133747555968111,-5.23113581215103,TRUE,0,0,0.000660417074070068,TRUE,5.23113581215103,0.0636500980551262,999,"Stable"
"CD013763_pub3",5,2019,2020,1,-0.077420348725896,0.406254015460707,-0.190571282447752,FALSE,0.663420656486849,87.1739236496485,0.784073988209408,TRUE,0.190571282447752,3.26945191060677,1,"Fragile"
"CD013764_pub2",6,2014,2023,9,-0.00197985442209377,0.00479289316638718,-0.413081275413897,FALSE,7.92954142121348e-07,0.450068707575556,-0.000102758488427109,FALSE,0.413081275413897,-0.000304138221043542,27,"Stable"
"CD013774_pub2",5,2017,2021,4,-0.153405211999252,0.0748544265945501,-2.04938063089005,TRUE,0.0195613054935735,69.8574574390935,0.0458083160746987,TRUE,2.04938063089005,0.0624792920574243,1,"Fragile"
"CD013781_pub2",57,2002,2020,18,-0.359746555585896,0.0918160764961585,-3.91812163309927,TRUE,0.143120680524944,51.935546995031,-0.00546321365084127,FALSE,3.91812163309927,0.0958996183625695,999,"Stable"
"CD013816_pub2",5,2011,2018,7,-0.124987973213396,0.697458940805515,-0.179204775938558,FALSE,0,0,-0.0156873540785837,FALSE,0.179204775938558,-0.98509318160765,30,"Stable"
"CD013822_pub2",5,2014,2021,7,-0.679487211590593,0.299641688533601,-2.26766580750461,TRUE,0.350930755722275,83.220149020359,-0.079224520639937,FALSE,2.26766580750461,0.386821292089504,999,"Stable"
"CD013827_pub2",7,2017,2020,3,0.121054862307886,0.111900869538695,1.08180448290462,FALSE,0.0135819041117711,15.5198943743246,0.0986278525549747,FALSE,1.08180448290462,-0.536012486123282,1,"Fragile"
"CD013830_pub2",5,1987,2006,19,-0.138128545984713,0.0526455601442402,-2.62374539479233,TRUE,1.19053848867858e-06,0.00705649997080009,0.0280518508086663,TRUE,2.62374539479233,-0.172157769220302,2,"Fragile"
"CD013844_pub2",12,1992,2021,29,-0.49501899804258,0.474073751708439,-1.04418140902899,FALSE,1.85401505563671,92.6896393800214,-0.00356146781399401,FALSE,1.04418140902899,0.225199200793056,36,"Stable"
"CD013853_pub2",3,2019,2023,4,0.0519349640021013,0.407422688009883,0.127471948741454,FALSE,4.03130731639912e-08,6.83728500124927e-06,0.0804273945209786,FALSE,0.127471948741454,0,6,"Aging"
"CD013874_pub3",19,2008,2023,15,-0.500820022404936,0.16360463178409,-3.06116041424715,TRUE,0.296284729285762,80.8957239293564,0.0140165700420794,TRUE,3.06116041424715,0.121491372960928,21,"Stable"
"CD014040_pub2",16,2004,2023,19,0.155615605456425,0.0482688947494302,3.22393140063068,TRUE,0.0238659068441991,83.4094226932575,0.00283962200305736,FALSE,3.22393140063068,0.00987637874376826,999,"Stable"
"CD014145_pub2",7,1985,2000,15,-0.562411801784671,0.292856876704419,-1.92043228799546,FALSE,0.0564267130228173,8.85676267505831,-0.000983347508389243,FALSE,1.92043228799546,-1.34686213254276,1,"Fragile"
"CD014541_pub2",4,2010,2022,12,-0.768895689971135,0.350155944110991,-2.19586645008492,TRUE,0.313371550833412,76.7741197264524,0.000924295895493848,TRUE,2.19586645008492,0,999,"Stable"
"CD014573",3,2000,2015,15,-0.658617871964883,0.179699823635419,-3.66510026910827,TRUE,0.0627894205703844,65.4685351437923,0.0850545360170696,TRUE,3.66510026910827,0,5,"Fragile"
"CD014580_pub2",6,2007,2021,14,0.29047533158857,0.173695295940479,1.67232699087089,FALSE,0.106940347292831,70.8408396728997,0.0136814692468993,FALSE,1.67232699087089,-0.0174691079769543,3,"Fragile"
"CD014585_pub2",18,1996,2014,18,-0.427014157336693,0.117454646309636,-3.63556632924499,TRUE,0.17901420732401,95.6178565453124,-0.00236448928040229,FALSE,3.63556632924499,-0.0141745348029606,999,"Stable"
"CD014594_pub2",24,2004,2022,18,-0.0192888641152718,0.249124560920789,-0.077426585495939,FALSE,1.22297013015153,93.90539097762,-0.0113870748578431,FALSE,0.077426585495939,-1.27632289818099,26,"Stable"
"CD014617_pub3",4,1975,1998,23,0.169736305495307,0.0787255536603787,2.1560509593562,TRUE,1.33740932579876e-06,0.00457631012568514,-0.00113943311685751,TRUE,2.1560509593562,0,88,"Stable"
"CD014624_pub2",80,2017,2023,6,0.218449482356693,0.0286639477896745,7.62105359525474,TRUE,0.00810720279517229,13.5158930190526,-0.00789719204669711,TRUE,7.62105359525474,-0.0141720170649547,25,"Stable"
"CD014678_pub2",40,2009,2016,7,-0.00860098737195246,0.0636468308333371,-0.135136145183326,FALSE,0.0541651348614924,49.3239437890462,-0.0211645330371302,FALSE,0.135136145183326,-0.228347062516025,5,"Fragile"
"CD014687_pub2",8,2013,2022,9,0.202881557699161,0.182768773865972,1.1100449677905,FALSE,0.083933992829885,43.1521554395926,0.0238661803261724,FALSE,1.1100449677905,-0.845966011920424,4,"Fragile"
"CD014688_pub2",4,2009,2022,13,-0.857074779770269,0.703016795466801,-1.2191384121928,FALSE,1.95694251377409,99.248784372178,0.0903585442599068,TRUE,1.2191384121928,0,20,"Aging"
"CD014713_pub2",7,1994,2021,27,0.0558529983682105,0.0240872320123951,2.31878027078699,TRUE,5.33439932418553e-07,0.00271841324469532,-0.0023046362286266,TRUE,2.31878027078699,0.00527433805190075,6,"Aging"
"CD014722_pub2",10,2002,2022,20,-0.936207661941967,0.27910728131432,-3.35429322206627,TRUE,0.459281395599001,72.1463689559107,-0.0599787204389356,FALSE,3.35429322206627,0.354896320696837,999,"Stable"
"CD014736_pub2",4,2011,2013,2,5.70584051912987,0.258988321010996,22.0312657221621,TRUE,0,0,0.0478511760152186,FALSE,22.0312657221621,0,999,"Stable"
"CD014741_pub2",22,2000,2021,21,0.0781969006599592,0.116310301983019,0.672312764447778,FALSE,0.0404447963990028,22.4846777989396,0.0032764184938332,FALSE,0.672312764447778,-0.0152860797301549,24,"Stable"
"CD014758_pub3",61,1998,2024,26,-0.833019886070189,0.0724233403021035,-11.5020914886743,TRUE,0.221917573789519,91.3670632483949,0.0196151598904387,TRUE,11.5020914886743,0.0252575343091062,38,"Stable"
"CD014762_pub2",5,2010,2018,8,-0.326305721874098,0.160893304556896,-2.02808763716272,TRUE,0.0912367851585729,78.7301043394594,-0.0268521748778773,FALSE,2.02808763716272,-0.00887384637187947,999,"Stable"
"CD014763_pub2",15,2010,2021,11,-1.70055747197037,0.21708261762551,-7.8336878860748,TRUE,0,0,0.0988900638252487,TRUE,7.8336878860748,0.001036348833078,15,"Aging"
"CD014769_pub2",27,1998,2023,25,-0.167274547263131,0.0821985212526028,-2.03500677036613,TRUE,0.032367688898165,22.1265416634803,-0.00533651015694835,FALSE,2.03500677036613,0.00295535598937032,999,"Stable"
"CD014792_pub2",3,2000,2016,16,0.113875865730839,0.189439943907071,0.601118557059437,FALSE,0.00226971321336579,1.28936369474585,0.0527911956969958,FALSE,0.601118557059437,0,5,"Fragile"
"CD014803_pub2",5,2006,2020,14,-0.0661795702263648,0.361141471435396,-0.183251095376355,FALSE,0,0,0.175738802902896,TRUE,0.183251095376355,-0.212359050854175,4,"Fragile"
"CD014820_pub2",126,1997,2021,24,-0.0114120902221568,0.017788200279368,-0.641553953909172,FALSE,0,0,0.00279502991235362,TRUE,0.641553953909172,0.0173346984753531,14,"Aging"
"CD014844_pub2",6,1989,2021,32,-0.248271273193934,0.247642894609577,-1.00253743837612,FALSE,0.146952531340382,47.5059922959887,-0.0171500106046326,FALSE,1.00253743837612,0.0616336145762272,11,"Aging"
"CD014852_pub2",11,2004,2021,17,-0.0580492400455069,0.379244182952618,-0.153065604312142,FALSE,1.17353385374003,93.8975443614641,0.00725648369252828,TRUE,0.153065604312142,0.539472283992981,58,"Stable"
"CD014855_pub2",18,1973,2023,50,0.00596023916837848,0.188337601240972,0.0316465704623293,FALSE,0.225337930172939,37.421569263205,-0.00381609518168061,TRUE,0.0316465704623293,0.0268935355604328,66,"Stable"
"CD014869_pub2",6,1992,2005,13,-0.0217198670843829,0.017078275068067,-1.2717834206216,FALSE,4.5441745187914e-08,0.00165089947737967,0.0281138410581495,TRUE,1.2717834206216,-0.0263355658216054,2,"Fragile"
"CD014889_pub2",5,2007,2023,16,-0.780263519761503,0.266601017140923,-2.92670871300189,TRUE,0,0,-0.010189947815121,FALSE,2.92670871300189,-0.0629476939483948,999,"Stable"
"CD014914_pub2",40,1984,2020,36,0.0612355323775654,0.0512117582142163,1.19573188878656,FALSE,0.0338337762372466,52.4560876026966,0.00168080695091432,FALSE,1.19573188878656,-0.322800266893769,15,"Aging"
"CD014923_pub2",7,2015,2023,8,0.987245933737253,0.636963206949786,1.54992615423559,FALSE,2.27458269521797,88.0837381562117,0.117359286095734,FALSE,1.54992615423559,0.0804193134752327,2,"Fragile"
"CD014935_pub2",3,1985,2014,29,0.0359365954053242,0.507336285917444,0.0708338756813699,FALSE,0,0,-0.0562977512443353,TRUE,0.0708338756813699,0,15,"Aging"
"CD014937_pub2",43,1976,2024,48,-0.244386619115702,0.0870094892408993,-2.80873524540616,TRUE,0.166002331845307,79.2624379278743,0.00214604192867113,TRUE,2.80873524540616,-0.0191920596186316,62,"Stable"
"CD014944_pub2",8,2000,2014,14,-0.111843736780461,0.123671389915877,-0.904362252712924,FALSE,0.0717472508001823,75.2407137753479,0.0219876379737862,TRUE,0.904362252712924,0.0716120794923251,14,"Aging"
"CD014960_pub2",5,1988,2004,16,0.414617544182021,0.317322173830646,1.3066138403656,FALSE,0,0,0.108864728893826,FALSE,1.3066138403656,-1.86444532911767,2,"Fragile"
"CD014965_pub2",4,1998,2019,21,1.34085541533326,0.57442189938611,2.33426931801563,TRUE,0.941927352665613,78.1079473512863,-0.0217178440740738,TRUE,2.33426931801563,0,28,"Stable"
"CD014966_pub2",79,1988,2023,35,-0.0960033642063314,0.0356204673595778,-2.69517418840148,TRUE,0.0591822761936179,89.1434864297814,-0.00416581275234772,FALSE,2.69517418840148,0.016572332707179,999,"Stable"
"CD014967_pub2",13,1999,2022,23,-0.00555880671119646,0.170522511594575,-0.0325986678193713,FALSE,0.29256567509304,87.3762950358007,-0.0293690836911078,FALSE,0.0325986678193713,-0.620126927251408,10,"Aging"
"CD014999_pub2",4,2014,2019,5,-0.359632768351975,0.272189898757619,-1.32125685043229,FALSE,5.50455757081432e-07,0.000153862231672637,0.216290692078082,TRUE,1.32125685043229,0,4,"Fragile"
"CD015003_pub2",9,1986,2005,19,-0.25251080909653,0.147235447122538,-1.71501370105784,FALSE,0.0612936259525944,39.406486231333,0.0111551539135626,TRUE,1.71501370105784,0.0152223124467063,38,"Stable"
"CD015014_pub2",7,2006,2020,14,0.00568406391297004,0.0900898893021855,0.0630932500527798,FALSE,0,0,0.00940147199694417,FALSE,0.0630932500527798,0,13,"Aging"
"CD015033_pub2",3,2010,2019,9,1.23762534424414,0.918611212806361,1.34727872574426,FALSE,0,0,0.0181148488802128,FALSE,1.34727872574426,0,7,"Aging"
"CD015038_pub2",8,2006,2021,15,-0.0945647296089166,0.0330547299361495,-2.86085319080155,TRUE,0.00522518066285563,75.9949013233259,0.00435701403429004,TRUE,2.86085319080155,0.00174015914760803,11,"Aging"
"CD015046_pub2",3,2010,2023,13,-0.155237342034032,0.172337224821075,-0.900776615123073,FALSE,1.89744134425017e-06,0.00163056489714828,-0.0177046106929399,FALSE,0.900776615123073,0,7,"Aging"
"CD015060_pub2",7,1995,2012,17,-0.0334297086375483,0.190555814355995,-0.17543263505513,FALSE,0.0784936545702482,44.9961980126987,0.0188068712895538,TRUE,0.17543263505513,0.0752762653664823,17,"Aging"
"CD015064_pub2",12,2002,2015,13,0.478434933854343,0.194525963929081,2.45949139225841,TRUE,0.231470963724346,71.4872751212503,-0.0104775382806986,TRUE,2.45949139225841,-0.0678996521770103,25,"Stable"
"CD015083_pub2",130,2000,2023,23,-0.0602123399797913,0.0240282604983508,-2.50589675369651,TRUE,0.0309823216450779,62.6597157750014,-0.00487688331828459,FALSE,2.50589675369651,-0.0201605532037898,999,"Stable"
"CD015084_pub2",3,2007,2019,12,1.23815502545026,0.765601540602655,1.61723162740193,FALSE,1.38660091396796,80.2598681261353,0.00207685053259602,FALSE,1.61723162740193,0,6,"Aging"
"CD015101",12,2005,2017,12,0.00164897436913067,0.322669567032441,0.00511041181942294,FALSE,1.02317215429516,93.1146595892385,-0.0136212461637008,TRUE,0.00511041181942294,0.298881290910939,27,"Stable"
"CD015120_pub2",64,2001,2022,21,0.044261673536326,0.0622687116279168,0.710817236765859,FALSE,0.0388447890736533,20.2988452701906,-0.0107973947320608,TRUE,0.710817236765859,-0.136765153601074,13,"Aging"
"CD015122_pub2",10,2013,2021,8,-0.797767783882739,0.218040298198271,-3.65880890126697,TRUE,0.0992400574424152,21.6129393713679,0.0897457320293091,TRUE,3.65880890126697,0.164912604752142,6,"Aging"
"CD015124_pub2",25,2006,2019,13,-0.298112665161748,0.0859189125161553,-3.46969783987541,TRUE,0.0883536886845849,95.0944098255049,-0.00643413552321514,FALSE,3.46969783987541,-0.0310132057504809,999,"Stable"
"CD015134_pub2",3,2020,2023,3,-0.641421518864563,0.185705877704352,-3.45396455294604,TRUE,0.0277537737318395,22.2701746455068,0.564007810712884,TRUE,3.45396455294604,0,1,"Fragile"
"CD015140_pub2",7,2013,2024,11,-0.341482074844272,0.170228593632874,-2.00602065467764,TRUE,0.109128856930226,59.4814861706171,-0.102838165894982,FALSE,2.00602065467764,-0.172832106631356,999,"Stable"
"CD015160_pub2",10,2012,2018,6,0.283629436717227,0.203437783473535,1.39418269248949,FALSE,0.128440080063615,35.1480638754403,0.258051333630394,FALSE,1.39418269248949,0.372677017934153,1,"Fragile"
"CD015192_pub2",14,1985,2022,37,-0.418290845345005,0.216566913803794,-1.93146237344441,FALSE,1.79501123376835e-08,2.60532876376702e-06,-0.00161720311095987,FALSE,1.93146237344441,-0.014312714144496,1,"Fragile"
"CD015213_pub2",7,2010,2022,12,0.467399399967282,0.259685995705343,1.79986371116302,FALSE,0.152896991933643,42.034771808033,-0.0737368881019124,TRUE,1.79986371116302,-1.05451891169246,12,"Aging"
"CD015215_pub2",7,1993,2016,23,0.194348042194174,0.126055679723138,1.54176347008743,FALSE,0.0572254043247027,67.2934347931004,0.00527343671120664,FALSE,1.54176347008743,-0.0618154037581192,6,"Aging"
"CD015219_pub2",45,2020,2023,3,-0.18209259635418,0.134524130954186,-1.35360544656628,FALSE,0.299607146835709,57.2299959296189,-0.164314820419991,FALSE,1.35360544656628,1.23391153214419,1,"Fragile"
"CD015284_pub2",5,2001,2021,20,0.118657098910722,0.067168345161664,1.76656278526935,FALSE,0.00734432305350054,37.8440111450981,0.000120480933567391,FALSE,1.76656278526935,0.00324595816166676,5,"Fragile"
"CD015314_pub2",49,1995,2024,29,0.297773383764545,0.0576371705673419,5.16634284496381,TRUE,0.076554480797687,65.013984888098,0.00329689439384477,FALSE,5.16634284496381,-0.0184270681749124,999,"Stable"
"CD015328_pub2",4,2013,2021,8,-0.312021613441241,0.214919611644444,-1.4518061476746,FALSE,0.0269632622421915,13.8475907607096,0.0185575919532085,TRUE,1.4518061476746,0,28,"Stable"
"CD015350_pub2",4,2004,2021,17,0.652794265836512,0.362052460397263,1.80303778386213,FALSE,0.328455946386075,71.167659321141,0.00121340339163692,FALSE,1.80303778386213,0,3,"Fragile"
"CD015387_pub2",33,1989,2024,35,0.272576602761664,0.045363527706997,6.00871705838744,TRUE,0.0222368320246902,51.3773966941009,-0.00880377410080436,TRUE,6.00871705838744,-0.34478126660445,24,"Stable"
"CD015432_pub2",3,2002,2022,20,-0.537210613454217,0.128662674440323,-4.17534157276817,TRUE,0,0,-0.0051338652550529,FALSE,4.17534157276817,0,999,"Stable"
"CD015443_pub2",16,2002,2020,18,-0.107010782171487,0.123508408465987,-0.866425075835681,FALSE,0.132031241325661,69.6836994174757,0.00701152011629419,TRUE,0.866425075835681,-0.139017979988482,36,"Stable"
"CD015476_pub2",36,2017,2023,6,0.151072361553326,0.0203346746660112,7.42929818325732,TRUE,0.00699308482064707,57.1838079138905,0.00481296182392034,FALSE,7.42929818325732,0.0072941693826733,999,"Stable"
"CD015495",18,2018,2022,4,-0.264813264997361,0.0676681107033916,-3.91341301308251,TRUE,0.0536002365359286,67.9402941397622,0.0255137912535049,TRUE,3.91341301308251,0.114433206283381,8,"Aging"
"CD015530_pub2",5,2016,2022,6,-0.545184242515005,0.294201365056536,-1.8530989562548,FALSE,0.15136399265699,36.2957534203445,0.148327615000986,TRUE,1.8530989562548,-0.439158587383791,7,"Aging"
"CD015532",22,2020,2022,2,-0.0688569620079189,0.0723751063400939,-0.951390132462906,FALSE,0.020433062801357,19.0100829989593,-0.0650117768522401,FALSE,0.951390132462906,0.129033628858945,1,"Fragile"
"CD015536_pub2",11,2001,2021,20,-0.441894280721536,0.337721858309231,-1.30845626319194,FALSE,0.442627616010984,40.0184080367986,-0.00499512110537986,FALSE,1.30845626319194,-1.72213625042048,14,"Aging"
"CD015551_pub2",5,2004,2024,20,-0.76225171260487,0.474469642198777,-1.6065342116989,FALSE,0.878176011036866,93.5014805226178,0.0427868471955401,TRUE,1.6065342116989,0.687126335591683,32,"Stable"
"CD015584_pub2",17,2007,2022,15,0.000800351541669238,0.0077827495723105,0.10283660475428,FALSE,0,0,0.000702195246120648,FALSE,0.10283660475428,0.00131542480195638,15,"Aging"
"CD015588_pub2",17,2013,2022,9,-0.165341944615704,0.0550858045983837,-3.00153453001494,TRUE,0.0120966577653865,32.0118844254583,0.0303939745017479,TRUE,3.00153453001494,-0.00631426896315773,3,"Fragile"
"CD015673_pub2",8,1992,2014,22,0.114432684368499,0.0946474340321996,1.2090415925018,FALSE,0.0230136013189428,49.3264921671493,-0.00522657241076369,TRUE,1.2090415925018,0.0142292531032463,43,"Stable"
"CD015698_pub2",8,1999,2025,26,-0.503588797959998,0.131026351057506,-3.84341618228367,TRUE,0,0,-0.00406442687889129,FALSE,3.84341618228367,-0.000962711811823526,999,"Stable"
"CD015721_pub2",6,2020,2022,2,0.0166404362092582,0.0338578302522798,0.491479698647782,FALSE,0.00201603162313027,28.6182587309238,0.0269383298138678,FALSE,0.491479698647782,0.0180115289398995,2,"Fragile"
"CD015746_pub2",26,2001,2024,23,-1.36439092614175,0.245096815097286,-5.5667427812156,TRUE,0.952723188436621,89.7224036448518,0.0794196594517865,TRUE,5.5667427812156,0.600842988866159,13,"Aging"
"CD015779",8,1950,1973,23,-1.3923472337713,0.371494407241823,-3.74796284043372,TRUE,0.298455633347632,29.5481375880335,-0.0127210574757788,FALSE,3.74796284043372,0.0253164240000023,999,"Stable"
"CD015786_pub2",7,2008,2018,10,-0.152602211004358,0.0948428627903287,-1.60900047209371,FALSE,0,0,-0.00039182519949685,FALSE,1.60900047209371,0,5,"Fragile"
"CD015788_pub2",3,2009,2023,14,0.905924128644778,0.623982411437949,1.45184241100178,FALSE,1.06467410411471,98.7759315729708,0.180901240138446,FALSE,1.45184241100178,0,2,"Fragile"
"CD015802_pub2",3,2014,2023,9,0.201093002102569,0.765453320371409,0.262710993277808,FALSE,1.55738764239586,89.3923446160852,-0.280378984816445,TRUE,0.262710993277808,0,6,"Aging"
"CD015824_pub2",12,2011,2017,6,-0.364340463499069,0.115007318501323,-3.16797633617445,TRUE,0.0783605409045102,69.0158211144439,0.0609166774111429,TRUE,3.16797633617445,0.0377572656868023,3,"Fragile"
"CD015849_pub2",26,2014,2024,10,-0.15606187810087,0.0542907243402461,-2.87455877587509,TRUE,0.0103869620131075,21.2636024093899,-0.00612810976262574,FALSE,2.87455877587509,-0.024439762793447,999,"Stable"
"CD015854",8,2002,2015,13,-0.334163979913968,0.159078854807424,-2.10061846571938,TRUE,0,0,-0.00504602613115754,FALSE,2.10061846571938,0,999,"Stable"
"CD015855",6,1980,2017,37,0.11971339914245,0.406825353281005,0.294262386001694,FALSE,0.795401421182791,89.8641504196263,-0.0446430078269115,TRUE,0.294262386001694,-0.195944141525132,18,"Aging"
"CD015932_pub2",15,1990,2023,33,0.0421021360806721,0.105306596740411,0.399805305497215,FALSE,0.0175565524972322,10.9563464756174,0.0119813894869338,FALSE,0.399805305497215,0.0235144437199491,12,"Aging"
"CD016058_pub2",6,2020,2023,3,0.293026400800364,0.0524727761546437,5.58435101540615,TRUE,0,0,0.00839345596588342,FALSE,5.58435101540615,0,999,"Stable"
"CD016119",15,2004,2023,19,0.258987065548571,0.15213523542227,1.70234768316308,FALSE,0.107640745814897,36.2754167100606,-0.0103384185866902,TRUE,1.70234768316308,0.0261472544709654,42,"Stable"
"CD016120",3,1998,2018,20,-0.852620709927054,0.611936902924374,-1.39331474511911,FALSE,0.534296513407425,40.3080804022485,0.347681901807766,TRUE,1.39331474511911,0,6,"Aging"
"CD016131",14,2016,2023,7,-0.769944091683111,0.168217322062111,-4.57707971001242,TRUE,0.268458439557053,74.2037892734876,-0.0733507073752405,FALSE,4.57707971001242,0.132771747995491,999,"Stable"
"CD016136",46,2000,2021,21,0.366223819425402,0.0795754369703948,4.60222190877383,TRUE,0.160517126293966,71.7260622213317,-0.0151598226306153,TRUE,4.60222190877383,0.0851188750688235,17,"Aging"
"CD016147",7,2006,2017,11,-0.129101728954342,0.0715796220226159,-1.80361009609064,FALSE,3.65106837795555e-06,0.00944679697974208,0.0163466478599918,TRUE,1.80361009609064,-0.0922608429227984,14,"Aging"
"CD016148",17,1998,2024,26,-0.038976744818909,0.0246401231906325,-1.58184050125719,FALSE,0.00043667223370981,3.88966891942129,-0.00302369172421091,FALSE,1.58184050125719,0.00269514135595496,3,"Fragile"
"CD016211",4,2017,2023,6,-0.424176099918067,0.0828007620113221,-5.1228526116712,TRUE,0,0,-0.0951016431258288,FALSE,5.1228526116712,0,999,"Stable"
"CD016278",4,2021,2023,2,-0.0501089723629945,0.0702436606230153,-0.713359353976724,FALSE,0.00667114403696291,37.719288627176,0.265622670449271,TRUE,0.713359353976724,0,1,"Fragile"
